userId,productId,productName,category,subcategory,price,action,timestamp
66bcb2a87ace238e8cdd5f40,6632093e33f7e8cb27162c4c,Compression Tshirt Hg Armour Comp White Under Armour,Clothes for men,T-Shirt,25,purchased,2024-10-14 10:57:19
67601e78b682385a7b8c2bf8,663207d433f7e8cb27162c2f,Shaker Steel 750 ml - GymBeam,Fitness accessories,Shakers,6,added_to_cart,2024-11-28 06:11:34
66bcb2a87ace238e8cdd5f40,6632086d33f7e8cb27162c3b,Compression Tshirt Hg Armour Comp White Under Armour,Accessory depending on the activity,Running,5,added_to_cart,2024-11-14 02:02:16
67601fc3b682385a7b8c2c25,6632093e33f7e8cb27162c4c,Compression Tshirt Hg Armour Comp White Under Armour,Clothes for men,T-Shirt,25,added_to_cart,2024-09-26 20:24:58
67601e78b682385a7b8c2bf8,663207d433f7e8cb27162c2f,Shaker Steel 750 ml - GymBeam,Fitness accessories,Shakers,6,purchased,2024-11-15 04:53:45
66a0f2c7a56de48f22d0ca08,6632086d33f7e8cb27162c3b,Compression Tshirt Hg Armour Comp White Under Armour,Accessory depending on the activity,Running,5,added_to_cart,2024-11-26 06:32:13
67601fe2b682385a7b8c2c43,6632059f33f7e8cb27162c14,Cropped Tshirt Serenety Beastpink Olivine,Clothes for women,T-Shirt,20,added_to_cart,2024-10-31 08:49:24
67601ff3b682385a7b8c2c52,6630bd3db1cb58b5e3f01a2e,Jump rope,Work home,Jump ropes,5,added_to_cart,2024-11-30 10:14:23
67601e67b682385a7b8c2be9,6632059f33f7e8cb27162c14,Cropped Tshirt Serenety Beastpink Olivine,Clothes for women,T-Shirt,20,added_to_favorite,2024-10-14 17:34:39
67601e67b682385a7b8c2be9,663207d433f7e8cb27162c2f,Shaker Steel 750 ml - GymBeam,Fitness accessories,Shakers,6,added_to_favorite,2024-09-27 16:15:27
66bcb2a87ace238e8cdd5f40,6632059f33f7e8cb27162c14,Cropped Tshirt Serenety Beastpink Olivine,Clothes for women,T-Shirt,20,added_to_cart,2024-10-22 14:34:23
67601e9fb682385a7b8c2c16,66320a2433f7e8cb27162c59,Hexagonal Dumbbell,Workout home,Dumbbells,34,added_to_favorite,2024-12-05 02:50:08
66a0f2c7a56de48f22d0ca08,6632083d33f7e8cb27162c37,Explorer Backpack Black,Bags & Backpacks,Backpacks,50,purchased,2024-09-29 20:57:23
67601fc3b682385a7b8c2c25,6632076933f7e8cb27162c28,Black Shaker 700ml - GymBeam,Fitness accessories,Shakers,4,purchased,2024-10-16 05:14:43
67601ff3b682385a7b8c2c52,6632080a33f7e8cb27162c33,Black Towel for Fitness,Fitness accessories,Towels,6,purchased,2024-10-06 10:09:19
66bcb2a87ace238e8cdd5f40,6632093e33f7e8cb27162c4c,Compression Tshirt Hg Armour Comp White Under Armour,Clothes for men,T-Shirt,25,purchased,2024-10-09 21:07:55
67601e89b682385a7b8c2c07,6632076933f7e8cb27162c28,Black Shaker 700ml - GymBeam,Fitness accessories,Shakers,4,added_to_cart,2024-12-10 21:08:37
66bcb2a87ace238e8cdd5f40,6632059f33f7e8cb27162c14,Cropped Tshirt Serenety Beastpink Olivine,Clothes for women,T-Shirt,20,added_to_favorite,2024-10-31 18:36:47
67601e9fb682385a7b8c2c16,663208a333f7e8cb27162c3f,Women Limitless High Waist Leggings Black,Clothes for women,Sport pants,25,added_to_favorite,2024-10-22 05:55:52
67601e78b682385a7b8c2bf8,6630bd3db1cb58b5e3f01a2e,Jump rope,Work home,Jump ropes,5,purchased,2024-11-23 02:52:19
66bcb2a87ace238e8cdd5f40,66320a2433f7e8cb27162c59,Hexagonal Dumbbell,Workout home,Dumbbells,34,purchased,2024-10-04 08:52:21
67601fe2b682385a7b8c2c43,663207d433f7e8cb27162c2f,Shaker Steel 750 ml - GymBeam,Fitness accessories,Shakers,6,added_to_cart,2024-11-01 15:14:05
67601fc3b682385a7b8c2c25,6630bd3db1cb58b5e3f01a2e,Jump rope,Work home,Jump ropes,5,purchased,2024-11-23 13:37:26
67601fe2b682385a7b8c2c43,663207d433f7e8cb27162c2f,Shaker Steel 750 ml - GymBeam,Fitness accessories,Shakers,6,purchased,2024-10-19 05:43:26
66a0f2c7a56de48f22d0ca08,663207d433f7e8cb27162c2f,Shaker Steel 750 ml - GymBeam,Fitness accessories,Shakers,6,added_to_cart,2024-12-04 21:58:59
67601e9fb682385a7b8c2c16,6632059f33f7e8cb27162c14,Cropped Tshirt Serenety Beastpink Olivine,Clothes for women,T-Shirt,20,added_to_favorite,2024-09-24 04:19:16
67601e78b682385a7b8c2bf8,66320a2433f7e8cb27162c59,Hexagonal Dumbbell,Workout home,Dumbbells,34,purchased,2024-10-18 07:20:35
67601e78b682385a7b8c2bf8,6632083d33f7e8cb27162c37,Explorer Backpack Black,Bags & Backpacks,Backpacks,50,added_to_favorite,2024-12-12 15:33:06
67601fd3b682385a7b8c2c34,663208a333f7e8cb27162c3f,Women Limitless High Waist Leggings Black,Clothes for women,Sport pants,25,added_to_favorite,2024-10-01 07:27:10
67601e78b682385a7b8c2bf8,6632086d33f7e8cb27162c3b,Compression Tshirt Hg Armour Comp White Under Armour,Accessory depending on the activity,Running,5,purchased,2024-10-13 06:19:22
67601ff3b682385a7b8c2c52,6632059f33f7e8cb27162c14,Cropped Tshirt Serenety Beastpink Olivine,Clothes for women,T-Shirt,20,purchased,2024-10-26 12:45:40
67601e9fb682385a7b8c2c16,663207d433f7e8cb27162c2f,Shaker Steel 750 ml - GymBeam,Fitness accessories,Shakers,6,added_to_cart,2024-11-06 05:22:22
67601fd3b682385a7b8c2c34,6632076933f7e8cb27162c28,Black Shaker 700ml - GymBeam,Fitness accessories,Shakers,4,added_to_cart,2024-12-10 08:36:20
66bcb2a87ace238e8cdd5f40,663208a333f7e8cb27162c3f,Women Limitless High Waist Leggings Black,Clothes for women,Sport pants,25,purchased,2024-10-03 06:52:32
67601fc3b682385a7b8c2c25,66320a2433f7e8cb27162c59,Hexagonal Dumbbell,Workout home,Dumbbells,34,added_to_cart,2024-10-25 02:39:48
67601fc3b682385a7b8c2c25,66320a2433f7e8cb27162c59,Hexagonal Dumbbell,Workout home,Dumbbells,34,added_to_favorite,2024-11-08 03:00:58
67601e89b682385a7b8c2c07,6632086d33f7e8cb27162c3b,Compression Tshirt Hg Armour Comp White Under Armour,Accessory depending on the activity,Running,5,added_to_cart,2024-11-22 19:15:56
66bcb2a87ace238e8cdd5f40,6632086d33f7e8cb27162c3b,Compression Tshirt Hg Armour Comp White Under Armour,Accessory depending on the activity,Running,5,added_to_favorite,2024-12-01 09:03:19
67601e9fb682385a7b8c2c16,6632076933f7e8cb27162c28,Black Shaker 700ml - GymBeam,Fitness accessories,Shakers,4,added_to_favorite,2024-10-29 23:10:01
67601e67b682385a7b8c2be9,6632083d33f7e8cb27162c37,Explorer Backpack Black,Bags & Backpacks,Backpacks,50,added_to_cart,2024-11-26 20:41:13
67601e89b682385a7b8c2c07,6632086d33f7e8cb27162c3b,Compression Tshirt Hg Armour Comp White Under Armour,Accessory depending on the activity,Running,5,added_to_cart,2024-11-06 01:04:28
66bcb2a87ace238e8cdd5f40,6630bd3db1cb58b5e3f01a2e,Jump rope,Work home,Jump ropes,5,purchased,2024-11-06 01:01:50
67601ff3b682385a7b8c2c52,663207d433f7e8cb27162c2f,Shaker Steel 750 ml - GymBeam,Fitness accessories,Shakers,6,added_to_cart,2024-10-24 01:22:22
67601e67b682385a7b8c2be9,6632086d33f7e8cb27162c3b,Compression Tshirt Hg Armour Comp White Under Armour,Accessory depending on the activity,Running,5,purchased,2024-12-15 22:20:07
66a0f2c7a56de48f22d0ca08,66320a2433f7e8cb27162c59,Hexagonal Dumbbell,Workout home,Dumbbells,34,added_to_favorite,2024-11-04 04:37:27
66a0f2c7a56de48f22d0ca08,6632076933f7e8cb27162c28,Black Shaker 700ml - GymBeam,Fitness accessories,Shakers,4,added_to_favorite,2024-12-12 01:39:39
67601e89b682385a7b8c2c07,663207d433f7e8cb27162c2f,Shaker Steel 750 ml - GymBeam,Fitness accessories,Shakers,6,added_to_cart,2024-10-11 03:21:43
67601ff3b682385a7b8c2c52,6632076933f7e8cb27162c28,Black Shaker 700ml - GymBeam,Fitness accessories,Shakers,4,added_to_cart,2024-11-27 19:33:31
67601fd3b682385a7b8c2c34,6632076933f7e8cb27162c28,Black Shaker 700ml - GymBeam,Fitness accessories,Shakers,4,purchased,2024-12-01 02:36:50
67601e67b682385a7b8c2be9,663208a333f7e8cb27162c3f,Women Limitless High Waist Leggings Black,Clothes for women,Sport pants,25,purchased,2024-11-02 21:34:43
67601fe2b682385a7b8c2c43,663208a333f7e8cb27162c3f,Women Limitless High Waist Leggings Black,Clothes for women,Sport pants,25,added_to_favorite,2024-11-07 23:39:34
67601ff3b682385a7b8c2c52,6632059f33f7e8cb27162c14,Cropped Tshirt Serenety Beastpink Olivine,Clothes for women,T-Shirt,20,added_to_cart,2024-11-09 02:44:29
67601e78b682385a7b8c2bf8,6630bd3db1cb58b5e3f01a2e,Jump rope,Work home,Jump ropes,5,added_to_favorite,2024-11-21 23:14:04
67601e9fb682385a7b8c2c16,6632083d33f7e8cb27162c37,Explorer Backpack Black,Bags & Backpacks,Backpacks,50,purchased,2024-10-31 14:07:46
66bcb2a87ace238e8cdd5f40,663207d433f7e8cb27162c2f,Shaker Steel 750 ml - GymBeam,Fitness accessories,Shakers,6,added_to_cart,2024-09-23 23:16:54
67601e9fb682385a7b8c2c16,6632093e33f7e8cb27162c4c,Compression Tshirt Hg Armour Comp White Under Armour,Clothes for men,T-Shirt,25,purchased,2024-11-10 12:49:16
67601e78b682385a7b8c2bf8,66320a2433f7e8cb27162c59,Hexagonal Dumbbell,Workout home,Dumbbells,34,added_to_cart,2024-09-18 10:50:47
66bcb2a87ace238e8cdd5f40,6632093e33f7e8cb27162c4c,Compression Tshirt Hg Armour Comp White Under Armour,Clothes for men,T-Shirt,25,added_to_cart,2024-09-24 07:08:40
66a0f2c7a56de48f22d0ca08,6632080a33f7e8cb27162c33,Black Towel for Fitness,Fitness accessories,Towels,6,added_to_cart,2024-11-06 16:09:40
67601e78b682385a7b8c2bf8,6630bd3db1cb58b5e3f01a2e,Jump rope,Work home,Jump ropes,5,purchased,2024-11-03 21:11:17
67601e78b682385a7b8c2bf8,6632086d33f7e8cb27162c3b,Compression Tshirt Hg Armour Comp White Under Armour,Accessory depending on the activity,Running,5,added_to_cart,2024-11-26 23:37:27
67601ff3b682385a7b8c2c52,66320a2433f7e8cb27162c59,Hexagonal Dumbbell,Workout home,Dumbbells,34,added_to_favorite,2024-10-11 08:18:54
67601fd3b682385a7b8c2c34,6632059f33f7e8cb27162c14,Cropped Tshirt Serenety Beastpink Olivine,Clothes for women,T-Shirt,20,added_to_cart,2024-09-26 21:53:08
66bcb2a87ace238e8cdd5f40,6632059f33f7e8cb27162c14,Cropped Tshirt Serenety Beastpink Olivine,Clothes for women,T-Shirt,20,added_to_favorite,2024-10-28 21:06:01
67601fc3b682385a7b8c2c25,6632083d33f7e8cb27162c37,Explorer Backpack Black,Bags & Backpacks,Backpacks,50,purchased,2024-09-23 00:19:06
66bcb2a87ace238e8cdd5f40,6632093e33f7e8cb27162c4c,Compression Tshirt Hg Armour Comp White Under Armour,Clothes for men,T-Shirt,25,added_to_favorite,2024-11-27 10:57:04
67601e9fb682385a7b8c2c16,6632076933f7e8cb27162c28,Black Shaker 700ml - GymBeam,Fitness accessories,Shakers,4,added_to_cart,2024-10-06 08:31:40
67601e78b682385a7b8c2bf8,6632086d33f7e8cb27162c3b,Compression Tshirt Hg Armour Comp White Under Armour,Accessory depending on the activity,Running,5,added_to_favorite,2024-10-01 08:44:20
67601fc3b682385a7b8c2c25,663208a333f7e8cb27162c3f,Women Limitless High Waist Leggings Black,Clothes for women,Sport pants,25,added_to_favorite,2024-11-01 16:05:31
67601e78b682385a7b8c2bf8,6632076933f7e8cb27162c28,Black Shaker 700ml - GymBeam,Fitness accessories,Shakers,4,added_to_favorite,2024-12-05 04:55:07
67601fe2b682385a7b8c2c43,6632076933f7e8cb27162c28,Black Shaker 700ml - GymBeam,Fitness accessories,Shakers,4,added_to_cart,2024-11-20 01:41:53
67601fe2b682385a7b8c2c43,6632093e33f7e8cb27162c4c,Compression Tshirt Hg Armour Comp White Under Armour,Clothes for men,T-Shirt,25,added_to_cart,2024-12-16 16:40:55
67601e78b682385a7b8c2bf8,663208a333f7e8cb27162c3f,Women Limitless High Waist Leggings Black,Clothes for women,Sport pants,25,added_to_favorite,2024-11-03 21:42:59
67601fd3b682385a7b8c2c34,663207d433f7e8cb27162c2f,Shaker Steel 750 ml - GymBeam,Fitness accessories,Shakers,6,added_to_favorite,2024-12-14 08:56:05
66a0f2c7a56de48f22d0ca08,663208a333f7e8cb27162c3f,Women Limitless High Waist Leggings Black,Clothes for women,Sport pants,25,added_to_favorite,2024-09-17 23:06:46
67601fc3b682385a7b8c2c25,6630bd3db1cb58b5e3f01a2e,Jump rope,Work home,Jump ropes,5,added_to_favorite,2024-10-15 10:46:09
67601fc3b682385a7b8c2c25,6632086d33f7e8cb27162c3b,Compression Tshirt Hg Armour Comp White Under Armour,Accessory depending on the activity,Running,5,purchased,2024-11-26 12:06:11
67601fd3b682385a7b8c2c34,663208a333f7e8cb27162c3f,Women Limitless High Waist Leggings Black,Clothes for women,Sport pants,25,added_to_cart,2024-10-16 13:28:11
67601e78b682385a7b8c2bf8,6632093e33f7e8cb27162c4c,Compression Tshirt Hg Armour Comp White Under Armour,Clothes for men,T-Shirt,25,purchased,2024-11-28 04:28:56
67601fe2b682385a7b8c2c43,6632093e33f7e8cb27162c4c,Compression Tshirt Hg Armour Comp White Under Armour,Clothes for men,T-Shirt,25,purchased,2024-10-18 04:50:33
66a0f2c7a56de48f22d0ca08,6632093e33f7e8cb27162c4c,Compression Tshirt Hg Armour Comp White Under Armour,Clothes for men,T-Shirt,25,purchased,2024-11-03 01:05:17
67601fe2b682385a7b8c2c43,6632086d33f7e8cb27162c3b,Compression Tshirt Hg Armour Comp White Under Armour,Accessory depending on the activity,Running,5,added_to_cart,2024-09-23 06:37:46
67601fe2b682385a7b8c2c43,6632076933f7e8cb27162c28,Black Shaker 700ml - GymBeam,Fitness accessories,Shakers,4,added_to_cart,2024-09-24 09:45:24
67601ff3b682385a7b8c2c52,6632076933f7e8cb27162c28,Black Shaker 700ml - GymBeam,Fitness accessories,Shakers,4,purchased,2024-12-10 10:16:29
67601e78b682385a7b8c2bf8,6632059f33f7e8cb27162c14,Cropped Tshirt Serenety Beastpink Olivine,Clothes for women,T-Shirt,20,added_to_cart,2024-12-13 04:36:37
67601ff3b682385a7b8c2c52,663207d433f7e8cb27162c2f,Shaker Steel 750 ml - GymBeam,Fitness accessories,Shakers,6,purchased,2024-11-14 11:25:14
66a0f2c7a56de48f22d0ca08,66320a2433f7e8cb27162c59,Hexagonal Dumbbell,Workout home,Dumbbells,34,added_to_cart,2024-10-28 10:57:19
67601ff3b682385a7b8c2c52,66320a2433f7e8cb27162c59,Hexagonal Dumbbell,Workout home,Dumbbells,34,purchased,2024-10-18 11:17:08
67601e89b682385a7b8c2c07,663207d433f7e8cb27162c2f,Shaker Steel 750 ml - GymBeam,Fitness accessories,Shakers,6,purchased,2024-11-26 06:56:18
67601e9fb682385a7b8c2c16,663207d433f7e8cb27162c2f,Shaker Steel 750 ml - GymBeam,Fitness accessories,Shakers,6,added_to_favorite,2024-10-26 04:20:18
67601e67b682385a7b8c2be9,6630bd3db1cb58b5e3f01a2e,Jump rope,Work home,Jump ropes,5,added_to_favorite,2024-10-18 10:50:12
66bcb2a87ace238e8cdd5f40,6632093e33f7e8cb27162c4c,Compression Tshirt Hg Armour Comp White Under Armour,Clothes for men,T-Shirt,25,added_to_favorite,2024-11-17 01:29:47
67601ff3b682385a7b8c2c52,6632076933f7e8cb27162c28,Black Shaker 700ml - GymBeam,Fitness accessories,Shakers,4,added_to_cart,2024-11-08 22:52:10
67601e78b682385a7b8c2bf8,6632086d33f7e8cb27162c3b,Compression Tshirt Hg Armour Comp White Under Armour,Accessory depending on the activity,Running,5,added_to_favorite,2024-09-30 14:44:12
67601e9fb682385a7b8c2c16,6632076933f7e8cb27162c28,Black Shaker 700ml - GymBeam,Fitness accessories,Shakers,4,added_to_cart,2024-10-23 15:09:03
67601e89b682385a7b8c2c07,663208a333f7e8cb27162c3f,Women Limitless High Waist Leggings Black,Clothes for women,Sport pants,25,added_to_favorite,2024-12-07 16:51:25
67601fe2b682385a7b8c2c43,6630bd3db1cb58b5e3f01a2e,Jump rope,Work home,Jump ropes,5,purchased,2024-12-05 02:46:11
67601fe2b682385a7b8c2c43,6632093e33f7e8cb27162c4c,Compression Tshirt Hg Armour Comp White Under Armour,Clothes for men,T-Shirt,25,purchased,2024-12-06 02:04:52
67601fe2b682385a7b8c2c43,6630bd3db1cb58b5e3f01a2e,Jump rope,Work home,Jump ropes,5,purchased,2024-09-27 19:27:52
67601e67b682385a7b8c2be9,6630bd3db1cb58b5e3f01a2e,Jump rope,Work home,Jump ropes,5,added_to_cart,2024-12-13 03:16:17
66bcb2a87ace238e8cdd5f40,6632086d33f7e8cb27162c3b,Compression Tshirt Hg Armour Comp White Under Armour,Accessory depending on the activity,Running,5,added_to_cart,2024-10-14 04:42:28
67601e89b682385a7b8c2c07,66320a2433f7e8cb27162c59,Hexagonal Dumbbell,Workout home,Dumbbells,34,added_to_cart,2024-11-26 10:14:53
67601e9fb682385a7b8c2c16,663207d433f7e8cb27162c2f,Shaker Steel 750 ml - GymBeam,Fitness accessories,Shakers,6,purchased,2024-11-18 07:58:19
67601e89b682385a7b8c2c07,6632086d33f7e8cb27162c3b,Compression Tshirt Hg Armour Comp White Under Armour,Accessory depending on the activity,Running,5,added_to_favorite,2024-10-12 03:14:43
66a0f2c7a56de48f22d0ca08,6632076933f7e8cb27162c28,Black Shaker 700ml - GymBeam,Fitness accessories,Shakers,4,purchased,2024-10-28 21:05:37
67601e89b682385a7b8c2c07,6632093e33f7e8cb27162c4c,Compression Tshirt Hg Armour Comp White Under Armour,Clothes for men,T-Shirt,25,added_to_cart,2024-10-20 03:20:01
67601e67b682385a7b8c2be9,6630bd3db1cb58b5e3f01a2e,Jump rope,Work home,Jump ropes,5,added_to_cart,2024-11-28 17:17:01
67601fd3b682385a7b8c2c34,6632086d33f7e8cb27162c3b,Compression Tshirt Hg Armour Comp White Under Armour,Accessory depending on the activity,Running,5,purchased,2024-10-29 06:40:23
67601fe2b682385a7b8c2c43,6632093e33f7e8cb27162c4c,Compression Tshirt Hg Armour Comp White Under Armour,Clothes for men,T-Shirt,25,added_to_cart,2024-09-25 01:25:17
67601e67b682385a7b8c2be9,6632086d33f7e8cb27162c3b,Compression Tshirt Hg Armour Comp White Under Armour,Accessory depending on the activity,Running,5,added_to_cart,2024-12-07 18:50:16
67601e9fb682385a7b8c2c16,66320a2433f7e8cb27162c59,Hexagonal Dumbbell,Workout home,Dumbbells,34,purchased,2024-10-02 03:10:26
67601fc3b682385a7b8c2c25,663208a333f7e8cb27162c3f,Women Limitless High Waist Leggings Black,Clothes for women,Sport pants,25,added_to_cart,2024-10-17 16:23:04
67601e9fb682385a7b8c2c16,6632093e33f7e8cb27162c4c,Compression Tshirt Hg Armour Comp White Under Armour,Clothes for men,T-Shirt,25,added_to_favorite,2024-10-08 03:36:15
67601e78b682385a7b8c2bf8,6632076933f7e8cb27162c28,Black Shaker 700ml - GymBeam,Fitness accessories,Shakers,4,added_to_favorite,2024-12-02 11:53:35
67601fe2b682385a7b8c2c43,6632059f33f7e8cb27162c14,Cropped Tshirt Serenety Beastpink Olivine,Clothes for women,T-Shirt,20,purchased,2024-11-29 12:29:59
67601e67b682385a7b8c2be9,663207d433f7e8cb27162c2f,Shaker Steel 750 ml - GymBeam,Fitness accessories,Shakers,6,added_to_cart,2024-12-04 09:57:44
67601e67b682385a7b8c2be9,6632059f33f7e8cb27162c14,Cropped Tshirt Serenety Beastpink Olivine,Clothes for women,T-Shirt,20,added_to_cart,2024-10-05 04:01:52
67601e9fb682385a7b8c2c16,6632059f33f7e8cb27162c14,Cropped Tshirt Serenety Beastpink Olivine,Clothes for women,T-Shirt,20,purchased,2024-12-10 15:30:20
67601e78b682385a7b8c2bf8,6630bd3db1cb58b5e3f01a2e,Jump rope,Work home,Jump ropes,5,added_to_cart,2024-12-03 04:48:22
66bcb2a87ace238e8cdd5f40,6632059f33f7e8cb27162c14,Cropped Tshirt Serenety Beastpink Olivine,Clothes for women,T-Shirt,20,added_to_cart,2024-12-10 02:45:28
67601fd3b682385a7b8c2c34,663207d433f7e8cb27162c2f,Shaker Steel 750 ml - GymBeam,Fitness accessories,Shakers,6,added_to_cart,2024-12-06 00:52:30
67601fd3b682385a7b8c2c34,6632080a33f7e8cb27162c33,Black Towel for Fitness,Fitness accessories,Towels,6,added_to_favorite,2024-12-06 10:04:44
67601e78b682385a7b8c2bf8,663207d433f7e8cb27162c2f,Shaker Steel 750 ml - GymBeam,Fitness accessories,Shakers,6,added_to_cart,2024-11-20 20:04:45
67601e78b682385a7b8c2bf8,6632059f33f7e8cb27162c14,Cropped Tshirt Serenety Beastpink Olivine,Clothes for women,T-Shirt,20,added_to_favorite,2024-10-14 19:16:57
66bcb2a87ace238e8cdd5f40,6630bd3db1cb58b5e3f01a2e,Jump rope,Work home,Jump ropes,5,added_to_favorite,2024-11-19 00:51:04
67601fe2b682385a7b8c2c43,6632059f33f7e8cb27162c14,Cropped Tshirt Serenety Beastpink Olivine,Clothes for women,T-Shirt,20,purchased,2024-12-08 15:57:48
67601fe2b682385a7b8c2c43,6632080a33f7e8cb27162c33,Black Towel for Fitness,Fitness accessories,Towels,6,added_to_cart,2024-09-28 22:51:22
67601e89b682385a7b8c2c07,663208a333f7e8cb27162c3f,Women Limitless High Waist Leggings Black,Clothes for women,Sport pants,25,purchased,2024-10-13 12:40:19
66a0f2c7a56de48f22d0ca08,6632076933f7e8cb27162c28,Black Shaker 700ml - GymBeam,Fitness accessories,Shakers,4,purchased,2024-10-29 22:41:51
67601e9fb682385a7b8c2c16,6632080a33f7e8cb27162c33,Black Towel for Fitness,Fitness accessories,Towels,6,added_to_favorite,2024-11-15 14:39:34
67601fe2b682385a7b8c2c43,6632076933f7e8cb27162c28,Black Shaker 700ml - GymBeam,Fitness accessories,Shakers,4,added_to_favorite,2024-12-14 02:05:18
67601ff3b682385a7b8c2c52,663207d433f7e8cb27162c2f,Shaker Steel 750 ml - GymBeam,Fitness accessories,Shakers,6,added_to_favorite,2024-09-22 01:31:07
67601fc3b682385a7b8c2c25,6632093e33f7e8cb27162c4c,Compression Tshirt Hg Armour Comp White Under Armour,Clothes for men,T-Shirt,25,purchased,2024-12-16 14:50:13
67601fe2b682385a7b8c2c43,663207d433f7e8cb27162c2f,Shaker Steel 750 ml - GymBeam,Fitness accessories,Shakers,6,added_to_favorite,2024-10-29 15:05:10
66bcb2a87ace238e8cdd5f40,6632080a33f7e8cb27162c33,Black Towel for Fitness,Fitness accessories,Towels,6,purchased,2024-10-18 05:34:01
66bcb2a87ace238e8cdd5f40,6630bd3db1cb58b5e3f01a2e,Jump rope,Work home,Jump ropes,5,purchased,2024-10-17 18:46:33
67601fc3b682385a7b8c2c25,6632080a33f7e8cb27162c33,Black Towel for Fitness,Fitness accessories,Towels,6,added_to_favorite,2024-11-24 10:42:14
67601e89b682385a7b8c2c07,6632086d33f7e8cb27162c3b,Compression Tshirt Hg Armour Comp White Under Armour,Accessory depending on the activity,Running,5,added_to_cart,2024-10-06 09:06:37
67601fc3b682385a7b8c2c25,6632059f33f7e8cb27162c14,Cropped Tshirt Serenety Beastpink Olivine,Clothes for women,T-Shirt,20,purchased,2024-11-29 09:22:13
67601e67b682385a7b8c2be9,66320a2433f7e8cb27162c59,Hexagonal Dumbbell,Workout home,Dumbbells,34,purchased,2024-10-16 23:21:16
67601fc3b682385a7b8c2c25,6632086d33f7e8cb27162c3b,Compression Tshirt Hg Armour Comp White Under Armour,Accessory depending on the activity,Running,5,added_to_cart,2024-10-17 06:10:13
67601e89b682385a7b8c2c07,663207d433f7e8cb27162c2f,Shaker Steel 750 ml - GymBeam,Fitness accessories,Shakers,6,added_to_favorite,2024-12-03 01:02:28
67601ff3b682385a7b8c2c52,66320a2433f7e8cb27162c59,Hexagonal Dumbbell,Workout home,Dumbbells,34,purchased,2024-10-19 00:59:08
67601fd3b682385a7b8c2c34,6632083d33f7e8cb27162c37,Explorer Backpack Black,Bags & Backpacks,Backpacks,50,added_to_favorite,2024-11-22 08:24:58
67601e78b682385a7b8c2bf8,6632086d33f7e8cb27162c3b,Compression Tshirt Hg Armour Comp White Under Armour,Accessory depending on the activity,Running,5,added_to_favorite,2024-12-03 19:37:41
67601e67b682385a7b8c2be9,6632076933f7e8cb27162c28,Black Shaker 700ml - GymBeam,Fitness accessories,Shakers,4,added_to_favorite,2024-11-06 19:10:50
67601ff3b682385a7b8c2c52,6632080a33f7e8cb27162c33,Black Towel for Fitness,Fitness accessories,Towels,6,added_to_cart,2024-12-06 05:09:19
67601e78b682385a7b8c2bf8,6630bd3db1cb58b5e3f01a2e,Jump rope,Work home,Jump ropes,5,added_to_cart,2024-12-05 01:31:05
67601e78b682385a7b8c2bf8,663208a333f7e8cb27162c3f,Women Limitless High Waist Leggings Black,Clothes for women,Sport pants,25,added_to_cart,2024-09-22 05:46:34
67601e78b682385a7b8c2bf8,6632083d33f7e8cb27162c37,Explorer Backpack Black,Bags & Backpacks,Backpacks,50,purchased,2024-12-09 06:07:22
66bcb2a87ace238e8cdd5f40,6632083d33f7e8cb27162c37,Explorer Backpack Black,Bags & Backpacks,Backpacks,50,added_to_favorite,2024-12-12 18:56:21
67601ff3b682385a7b8c2c52,663207d433f7e8cb27162c2f,Shaker Steel 750 ml - GymBeam,Fitness accessories,Shakers,6,purchased,2024-11-24 08:42:48
67601fc3b682385a7b8c2c25,6632083d33f7e8cb27162c37,Explorer Backpack Black,Bags & Backpacks,Backpacks,50,added_to_favorite,2024-10-11 10:36:55
67601e67b682385a7b8c2be9,6632093e33f7e8cb27162c4c,Compression Tshirt Hg Armour Comp White Under Armour,Clothes for men,T-Shirt,25,added_to_cart,2024-12-02 07:56:29
67601fc3b682385a7b8c2c25,663207d433f7e8cb27162c2f,Shaker Steel 750 ml - GymBeam,Fitness accessories,Shakers,6,added_to_cart,2024-12-04 19:48:08
67601fe2b682385a7b8c2c43,6632083d33f7e8cb27162c37,Explorer Backpack Black,Bags & Backpacks,Backpacks,50,added_to_cart,2024-11-10 20:56:24
67601e78b682385a7b8c2bf8,6632076933f7e8cb27162c28,Black Shaker 700ml - GymBeam,Fitness accessories,Shakers,4,added_to_favorite,2024-09-30 16:47:35
67601fd3b682385a7b8c2c34,6632086d33f7e8cb27162c3b,Compression Tshirt Hg Armour Comp White Under Armour,Accessory depending on the activity,Running,5,purchased,2024-11-14 13:35:42
67601e9fb682385a7b8c2c16,6632083d33f7e8cb27162c37,Explorer Backpack Black,Bags & Backpacks,Backpacks,50,purchased,2024-12-05 21:11:36
67601fe2b682385a7b8c2c43,6632059f33f7e8cb27162c14,Cropped Tshirt Serenety Beastpink Olivine,Clothes for women,T-Shirt,20,purchased,2024-10-31 01:08:40
67601e67b682385a7b8c2be9,6632083d33f7e8cb27162c37,Explorer Backpack Black,Bags & Backpacks,Backpacks,50,added_to_favorite,2024-10-12 22:03:02
67601e78b682385a7b8c2bf8,6630bd3db1cb58b5e3f01a2e,Jump rope,Work home,Jump ropes,5,purchased,2024-11-03 19:17:00
67601e78b682385a7b8c2bf8,6630bd3db1cb58b5e3f01a2e,Jump rope,Work home,Jump ropes,5,added_to_favorite,2024-09-25 06:38:23
67601e89b682385a7b8c2c07,663207d433f7e8cb27162c2f,Shaker Steel 750 ml - GymBeam,Fitness accessories,Shakers,6,added_to_favorite,2024-10-20 08:40:19
67601e9fb682385a7b8c2c16,6632086d33f7e8cb27162c3b,Compression Tshirt Hg Armour Comp White Under Armour,Accessory depending on the activity,Running,5,added_to_cart,2024-10-01 04:31:31
67601e67b682385a7b8c2be9,663207d433f7e8cb27162c2f,Shaker Steel 750 ml - GymBeam,Fitness accessories,Shakers,6,added_to_favorite,2024-11-24 03:06:38
67601e67b682385a7b8c2be9,663207d433f7e8cb27162c2f,Shaker Steel 750 ml - GymBeam,Fitness accessories,Shakers,6,added_to_cart,2024-10-28 00:48:10
67601fc3b682385a7b8c2c25,6632080a33f7e8cb27162c33,Black Towel for Fitness,Fitness accessories,Towels,6,purchased,2024-11-01 23:46:22
67601fc3b682385a7b8c2c25,6632093e33f7e8cb27162c4c,Compression Tshirt Hg Armour Comp White Under Armour,Clothes for men,T-Shirt,25,added_to_cart,2024-12-07 14:52:03
67601fc3b682385a7b8c2c25,6632059f33f7e8cb27162c14,Cropped Tshirt Serenety Beastpink Olivine,Clothes for women,T-Shirt,20,purchased,2024-11-24 06:46:35
66a0f2c7a56de48f22d0ca08,66320a2433f7e8cb27162c59,Hexagonal Dumbbell,Workout home,Dumbbells,34,added_to_favorite,2024-11-03 01:32:02
66a0f2c7a56de48f22d0ca08,6632080a33f7e8cb27162c33,Black Towel for Fitness,Fitness accessories,Towels,6,added_to_favorite,2024-11-29 21:48:53
67601fc3b682385a7b8c2c25,6632059f33f7e8cb27162c14,Cropped Tshirt Serenety Beastpink Olivine,Clothes for women,T-Shirt,20,purchased,2024-11-29 07:55:41
67601fe2b682385a7b8c2c43,66320a2433f7e8cb27162c59,Hexagonal Dumbbell,Workout home,Dumbbells,34,added_to_cart,2024-11-04 03:44:51
67601e78b682385a7b8c2bf8,6630bd3db1cb58b5e3f01a2e,Jump rope,Work home,Jump ropes,5,added_to_favorite,2024-11-03 21:43:06
66a0f2c7a56de48f22d0ca08,6632059f33f7e8cb27162c14,Cropped Tshirt Serenety Beastpink Olivine,Clothes for women,T-Shirt,20,added_to_favorite,2024-11-21 16:40:44
67601fc3b682385a7b8c2c25,663208a333f7e8cb27162c3f,Women Limitless High Waist Leggings Black,Clothes for women,Sport pants,25,added_to_favorite,2024-12-16 00:46:40
67601e67b682385a7b8c2be9,66320a2433f7e8cb27162c59,Hexagonal Dumbbell,Workout home,Dumbbells,34,purchased,2024-09-20 08:55:36
67601fc3b682385a7b8c2c25,66320a2433f7e8cb27162c59,Hexagonal Dumbbell,Workout home,Dumbbells,34,purchased,2024-11-21 02:59:31
66a0f2c7a56de48f22d0ca08,6632076933f7e8cb27162c28,Black Shaker 700ml - GymBeam,Fitness accessories,Shakers,4,purchased,2024-10-29 08:49:50
67601e67b682385a7b8c2be9,6632083d33f7e8cb27162c37,Explorer Backpack Black,Bags & Backpacks,Backpacks,50,added_to_cart,2024-09-22 15:15:44
67601e89b682385a7b8c2c07,6632059f33f7e8cb27162c14,Cropped Tshirt Serenety Beastpink Olivine,Clothes for women,T-Shirt,20,added_to_favorite,2024-10-08 07:17:41
67601fd3b682385a7b8c2c34,6632080a33f7e8cb27162c33,Black Towel for Fitness,Fitness accessories,Towels,6,added_to_favorite,2024-11-30 15:53:03
67601fc3b682385a7b8c2c25,6630bd3db1cb58b5e3f01a2e,Jump rope,Work home,Jump ropes,5,added_to_favorite,2024-10-12 05:55:32
66bcb2a87ace238e8cdd5f40,6632083d33f7e8cb27162c37,Explorer Backpack Black,Bags & Backpacks,Backpacks,50,added_to_cart,2024-11-29 11:26:36
67601fe2b682385a7b8c2c43,6632093e33f7e8cb27162c4c,Compression Tshirt Hg Armour Comp White Under Armour,Clothes for men,T-Shirt,25,added_to_favorite,2024-10-09 12:33:57
66bcb2a87ace238e8cdd5f40,6632093e33f7e8cb27162c4c,Compression Tshirt Hg Armour Comp White Under Armour,Clothes for men,T-Shirt,25,added_to_cart,2024-10-11 18:18:08
67601e78b682385a7b8c2bf8,6632093e33f7e8cb27162c4c,Compression Tshirt Hg Armour Comp White Under Armour,Clothes for men,T-Shirt,25,purchased,2024-10-02 13:10:01
67601e78b682385a7b8c2bf8,663208a333f7e8cb27162c3f,Women Limitless High Waist Leggings Black,Clothes for women,Sport pants,25,added_to_favorite,2024-11-21 18:02:33
66bcb2a87ace238e8cdd5f40,66320a2433f7e8cb27162c59,Hexagonal Dumbbell,Workout home,Dumbbells,34,added_to_cart,2024-11-01 21:41:53
67601e89b682385a7b8c2c07,6632080a33f7e8cb27162c33,Black Towel for Fitness,Fitness accessories,Towels,6,added_to_cart,2024-11-15 13:55:22
67601ff3b682385a7b8c2c52,6632076933f7e8cb27162c28,Black Shaker 700ml - GymBeam,Fitness accessories,Shakers,4,added_to_cart,2024-10-17 22:51:49
66bcb2a87ace238e8cdd5f40,66320a2433f7e8cb27162c59,Hexagonal Dumbbell,Workout home,Dumbbells,34,added_to_cart,2024-10-18 01:00:13
67601ff3b682385a7b8c2c52,6632059f33f7e8cb27162c14,Cropped Tshirt Serenety Beastpink Olivine,Clothes for women,T-Shirt,20,added_to_favorite,2024-11-26 04:11:44
67601e78b682385a7b8c2bf8,6632076933f7e8cb27162c28,Black Shaker 700ml - GymBeam,Fitness accessories,Shakers,4,purchased,2024-11-23 19:20:19
67601e78b682385a7b8c2bf8,6632076933f7e8cb27162c28,Black Shaker 700ml - GymBeam,Fitness accessories,Shakers,4,purchased,2024-12-01 18:06:05
67601e89b682385a7b8c2c07,66320a2433f7e8cb27162c59,Hexagonal Dumbbell,Workout home,Dumbbells,34,added_to_cart,2024-12-04 01:26:03
67601ff3b682385a7b8c2c52,6632093e33f7e8cb27162c4c,Compression Tshirt Hg Armour Comp White Under Armour,Clothes for men,T-Shirt,25,added_to_favorite,2024-11-08 11:28:37
67601fc3b682385a7b8c2c25,6632080a33f7e8cb27162c33,Black Towel for Fitness,Fitness accessories,Towels,6,added_to_cart,2024-11-05 21:03:52
67601e9fb682385a7b8c2c16,6632093e33f7e8cb27162c4c,Compression Tshirt Hg Armour Comp White Under Armour,Clothes for men,T-Shirt,25,added_to_favorite,2024-12-06 14:15:37
67601fd3b682385a7b8c2c34,6632076933f7e8cb27162c28,Black Shaker 700ml - GymBeam,Fitness accessories,Shakers,4,added_to_favorite,2024-10-22 22:02:59
67601fd3b682385a7b8c2c34,663208a333f7e8cb27162c3f,Women Limitless High Waist Leggings Black,Clothes for women,Sport pants,25,added_to_favorite,2024-10-04 20:31:09
67601fe2b682385a7b8c2c43,6630bd3db1cb58b5e3f01a2e,Jump rope,Work home,Jump ropes,5,purchased,2024-12-05 05:19:52
67601fe2b682385a7b8c2c43,6632083d33f7e8cb27162c37,Explorer Backpack Black,Bags & Backpacks,Backpacks,50,added_to_favorite,2024-10-30 01:03:09
67601ff3b682385a7b8c2c52,6630bd3db1cb58b5e3f01a2e,Jump rope,Work home,Jump ropes,5,added_to_favorite,2024-12-09 10:43:33
67601e78b682385a7b8c2bf8,6632076933f7e8cb27162c28,Black Shaker 700ml - GymBeam,Fitness accessories,Shakers,4,added_to_favorite,2024-12-12 08:26:24
67601fd3b682385a7b8c2c34,663207d433f7e8cb27162c2f,Shaker Steel 750 ml - GymBeam,Fitness accessories,Shakers,6,added_to_favorite,2024-11-12 01:56:11
67601ff3b682385a7b8c2c52,6632059f33f7e8cb27162c14,Cropped Tshirt Serenety Beastpink Olivine,Clothes for women,T-Shirt,20,added_to_favorite,2024-09-20 12:57:59
67601fd3b682385a7b8c2c34,6632080a33f7e8cb27162c33,Black Towel for Fitness,Fitness accessories,Towels,6,added_to_cart,2024-11-04 02:09:51
67601e78b682385a7b8c2bf8,6632080a33f7e8cb27162c33,Black Towel for Fitness,Fitness accessories,Towels,6,added_to_favorite,2024-10-20 19:08:15
67601e89b682385a7b8c2c07,66320a2433f7e8cb27162c59,Hexagonal Dumbbell,Workout home,Dumbbells,34,purchased,2024-12-12 04:53:21
67601e89b682385a7b8c2c07,6632086d33f7e8cb27162c3b,Compression Tshirt Hg Armour Comp White Under Armour,Accessory depending on the activity,Running,5,added_to_cart,2024-11-06 21:55:09
67601e78b682385a7b8c2bf8,6632076933f7e8cb27162c28,Black Shaker 700ml - GymBeam,Fitness accessories,Shakers,4,added_to_cart,2024-11-26 15:59:10
67601fc3b682385a7b8c2c25,6632083d33f7e8cb27162c37,Explorer Backpack Black,Bags & Backpacks,Backpacks,50,purchased,2024-11-30 08:44:32
67601e78b682385a7b8c2bf8,6632083d33f7e8cb27162c37,Explorer Backpack Black,Bags & Backpacks,Backpacks,50,purchased,2024-11-25 20:48:12
67601fd3b682385a7b8c2c34,6632083d33f7e8cb27162c37,Explorer Backpack Black,Bags & Backpacks,Backpacks,50,added_to_cart,2024-09-26 18:55:14
67601e89b682385a7b8c2c07,663207d433f7e8cb27162c2f,Shaker Steel 750 ml - GymBeam,Fitness accessories,Shakers,6,added_to_favorite,2024-11-23 22:04:17
67601e78b682385a7b8c2bf8,6630bd3db1cb58b5e3f01a2e,Jump rope,Work home,Jump ropes,5,purchased,2024-11-13 05:12:47
67601e9fb682385a7b8c2c16,6632083d33f7e8cb27162c37,Explorer Backpack Black,Bags & Backpacks,Backpacks,50,purchased,2024-11-08 07:13:41
67601e9fb682385a7b8c2c16,6632059f33f7e8cb27162c14,Cropped Tshirt Serenety Beastpink Olivine,Clothes for women,T-Shirt,20,purchased,2024-11-10 04:35:19
67601e9fb682385a7b8c2c16,6632080a33f7e8cb27162c33,Black Towel for Fitness,Fitness accessories,Towels,6,purchased,2024-10-31 19:23:37
67601e89b682385a7b8c2c07,6630bd3db1cb58b5e3f01a2e,Jump rope,Work home,Jump ropes,5,added_to_favorite,2024-10-10 03:16:59
66bcb2a87ace238e8cdd5f40,663207d433f7e8cb27162c2f,Shaker Steel 750 ml - GymBeam,Fitness accessories,Shakers,6,added_to_favorite,2024-09-29 08:40:23
67601fe2b682385a7b8c2c43,663208a333f7e8cb27162c3f,Women Limitless High Waist Leggings Black,Clothes for women,Sport pants,25,added_to_cart,2024-10-08 18:18:11
67601fd3b682385a7b8c2c34,6630bd3db1cb58b5e3f01a2e,Jump rope,Work home,Jump ropes,5,purchased,2024-11-13 23:55:39
67601fe2b682385a7b8c2c43,66320a2433f7e8cb27162c59,Hexagonal Dumbbell,Workout home,Dumbbells,34,added_to_favorite,2024-09-27 12:20:00
67601e78b682385a7b8c2bf8,6630bd3db1cb58b5e3f01a2e,Jump rope,Work home,Jump ropes,5,added_to_cart,2024-10-22 19:00:15
67601e67b682385a7b8c2be9,6630bd3db1cb58b5e3f01a2e,Jump rope,Work home,Jump ropes,5,added_to_cart,2024-11-25 11:53:35
67601fe2b682385a7b8c2c43,663208a333f7e8cb27162c3f,Women Limitless High Waist Leggings Black,Clothes for women,Sport pants,25,added_to_favorite,2024-09-22 04:08:59
66a0f2c7a56de48f22d0ca08,6632086d33f7e8cb27162c3b,Compression Tshirt Hg Armour Comp White Under Armour,Accessory depending on the activity,Running,5,added_to_favorite,2024-11-24 11:11:27
67601e67b682385a7b8c2be9,6632083d33f7e8cb27162c37,Explorer Backpack Black,Bags & Backpacks,Backpacks,50,added_to_cart,2024-12-11 11:40:29
66a0f2c7a56de48f22d0ca08,66320a2433f7e8cb27162c59,Hexagonal Dumbbell,Workout home,Dumbbells,34,added_to_favorite,2024-11-02 07:51:52
67601fd3b682385a7b8c2c34,6632083d33f7e8cb27162c37,Explorer Backpack Black,Bags & Backpacks,Backpacks,50,added_to_favorite,2024-10-05 15:41:20
66a0f2c7a56de48f22d0ca08,6630bd3db1cb58b5e3f01a2e,Jump rope,Work home,Jump ropes,5,added_to_favorite,2024-09-28 19:55:58
66bcb2a87ace238e8cdd5f40,6632059f33f7e8cb27162c14,Cropped Tshirt Serenety Beastpink Olivine,Clothes for women,T-Shirt,20,added_to_favorite,2024-09-24 22:42:52
67601ff3b682385a7b8c2c52,6632093e33f7e8cb27162c4c,Compression Tshirt Hg Armour Comp White Under Armour,Clothes for men,T-Shirt,25,added_to_cart,2024-10-02 05:44:46
67601ff3b682385a7b8c2c52,6630bd3db1cb58b5e3f01a2e,Jump rope,Work home,Jump ropes,5,added_to_cart,2024-10-11 20:25:02
66bcb2a87ace238e8cdd5f40,6632086d33f7e8cb27162c3b,Compression Tshirt Hg Armour Comp White Under Armour,Accessory depending on the activity,Running,5,added_to_favorite,2024-11-15 14:54:47
67601ff3b682385a7b8c2c52,66320a2433f7e8cb27162c59,Hexagonal Dumbbell,Workout home,Dumbbells,34,added_to_cart,2024-12-02 01:35:15
67601fe2b682385a7b8c2c43,6632059f33f7e8cb27162c14,Cropped Tshirt Serenety Beastpink Olivine,Clothes for women,T-Shirt,20,added_to_favorite,2024-12-14 23:03:33
67601fd3b682385a7b8c2c34,6630bd3db1cb58b5e3f01a2e,Jump rope,Work home,Jump ropes,5,purchased,2024-10-29 09:20:11
67601e89b682385a7b8c2c07,66320a2433f7e8cb27162c59,Hexagonal Dumbbell,Workout home,Dumbbells,34,purchased,2024-09-23 14:26:14
67601ff3b682385a7b8c2c52,6632076933f7e8cb27162c28,Black Shaker 700ml - GymBeam,Fitness accessories,Shakers,4,added_to_cart,2024-11-17 11:38:46
67601e78b682385a7b8c2bf8,6630bd3db1cb58b5e3f01a2e,Jump rope,Work home,Jump ropes,5,purchased,2024-09-25 15:16:15
67601e67b682385a7b8c2be9,663207d433f7e8cb27162c2f,Shaker Steel 750 ml - GymBeam,Fitness accessories,Shakers,6,added_to_cart,2024-11-10 08:19:32
66bcb2a87ace238e8cdd5f40,663208a333f7e8cb27162c3f,Women Limitless High Waist Leggings Black,Clothes for women,Sport pants,25,added_to_cart,2024-10-27 10:00:19
67601fd3b682385a7b8c2c34,66320a2433f7e8cb27162c59,Hexagonal Dumbbell,Workout home,Dumbbells,34,added_to_favorite,2024-10-16 00:46:26
66a0f2c7a56de48f22d0ca08,663207d433f7e8cb27162c2f,Shaker Steel 750 ml - GymBeam,Fitness accessories,Shakers,6,added_to_favorite,2024-11-25 09:25:01
67601e89b682385a7b8c2c07,6632083d33f7e8cb27162c37,Explorer Backpack Black,Bags & Backpacks,Backpacks,50,added_to_cart,2024-11-23 11:48:48
67601e78b682385a7b8c2bf8,6630bd3db1cb58b5e3f01a2e,Jump rope,Work home,Jump ropes,5,purchased,2024-11-14 00:23:59
67601e78b682385a7b8c2bf8,6632059f33f7e8cb27162c14,Cropped Tshirt Serenety Beastpink Olivine,Clothes for women,T-Shirt,20,added_to_cart,2024-11-09 15:00:46
67601e78b682385a7b8c2bf8,663208a333f7e8cb27162c3f,Women Limitless High Waist Leggings Black,Clothes for women,Sport pants,25,added_to_favorite,2024-12-07 00:16:50
67601e67b682385a7b8c2be9,6632076933f7e8cb27162c28,Black Shaker 700ml - GymBeam,Fitness accessories,Shakers,4,added_to_cart,2024-10-03 20:43:07
67601e89b682385a7b8c2c07,66320a2433f7e8cb27162c59,Hexagonal Dumbbell,Workout home,Dumbbells,34,purchased,2024-12-06 18:42:34
67601ff3b682385a7b8c2c52,6630bd3db1cb58b5e3f01a2e,Jump rope,Work home,Jump ropes,5,added_to_favorite,2024-09-29 19:51:20
67601fd3b682385a7b8c2c34,6630bd3db1cb58b5e3f01a2e,Jump rope,Work home,Jump ropes,5,purchased,2024-10-26 20:00:12
67601e89b682385a7b8c2c07,6632086d33f7e8cb27162c3b,Compression Tshirt Hg Armour Comp White Under Armour,Accessory depending on the activity,Running,5,purchased,2024-11-04 16:43:00
67601fd3b682385a7b8c2c34,6632076933f7e8cb27162c28,Black Shaker 700ml - GymBeam,Fitness accessories,Shakers,4,purchased,2024-09-21 14:58:22
67601fc3b682385a7b8c2c25,6632080a33f7e8cb27162c33,Black Towel for Fitness,Fitness accessories,Towels,6,purchased,2024-10-12 01:29:24
66a0f2c7a56de48f22d0ca08,6632076933f7e8cb27162c28,Black Shaker 700ml - GymBeam,Fitness accessories,Shakers,4,added_to_cart,2024-11-22 05:19:10
67601ff3b682385a7b8c2c52,66320a2433f7e8cb27162c59,Hexagonal Dumbbell,Workout home,Dumbbells,34,added_to_cart,2024-12-01 00:06:41
67601e89b682385a7b8c2c07,66320a2433f7e8cb27162c59,Hexagonal Dumbbell,Workout home,Dumbbells,34,added_to_cart,2024-11-30 20:15:48
67601e67b682385a7b8c2be9,6632083d33f7e8cb27162c37,Explorer Backpack Black,Bags & Backpacks,Backpacks,50,purchased,2024-11-20 00:13:03
67601fd3b682385a7b8c2c34,6630bd3db1cb58b5e3f01a2e,Jump rope,Work home,Jump ropes,5,added_to_cart,2024-11-13 14:00:26
67601fc3b682385a7b8c2c25,6632083d33f7e8cb27162c37,Explorer Backpack Black,Bags & Backpacks,Backpacks,50,added_to_cart,2024-11-02 09:17:38
67601e9fb682385a7b8c2c16,6632059f33f7e8cb27162c14,Cropped Tshirt Serenety Beastpink Olivine,Clothes for women,T-Shirt,20,added_to_favorite,2024-10-18 22:12:37
66bcb2a87ace238e8cdd5f40,663208a333f7e8cb27162c3f,Women Limitless High Waist Leggings Black,Clothes for women,Sport pants,25,added_to_favorite,2024-10-27 17:17:35
67601fd3b682385a7b8c2c34,6630bd3db1cb58b5e3f01a2e,Jump rope,Work home,Jump ropes,5,purchased,2024-10-26 15:12:42
67601fe2b682385a7b8c2c43,6632093e33f7e8cb27162c4c,Compression Tshirt Hg Armour Comp White Under Armour,Clothes for men,T-Shirt,25,added_to_favorite,2024-09-26 07:17:05
67601e9fb682385a7b8c2c16,6630bd3db1cb58b5e3f01a2e,Jump rope,Work home,Jump ropes,5,added_to_favorite,2024-09-29 00:12:26
67601fc3b682385a7b8c2c25,6632086d33f7e8cb27162c3b,Compression Tshirt Hg Armour Comp White Under Armour,Accessory depending on the activity,Running,5,added_to_cart,2024-11-20 14:33:01
67601fe2b682385a7b8c2c43,6632083d33f7e8cb27162c37,Explorer Backpack Black,Bags & Backpacks,Backpacks,50,added_to_favorite,2024-09-23 00:23:42
67601e78b682385a7b8c2bf8,6632086d33f7e8cb27162c3b,Compression Tshirt Hg Armour Comp White Under Armour,Accessory depending on the activity,Running,5,added_to_favorite,2024-11-17 04:55:57
67601fd3b682385a7b8c2c34,6632083d33f7e8cb27162c37,Explorer Backpack Black,Bags & Backpacks,Backpacks,50,added_to_cart,2024-10-07 12:24:56
67601e89b682385a7b8c2c07,6632086d33f7e8cb27162c3b,Compression Tshirt Hg Armour Comp White Under Armour,Accessory depending on the activity,Running,5,added_to_cart,2024-10-15 17:14:49
67601fd3b682385a7b8c2c34,6632083d33f7e8cb27162c37,Explorer Backpack Black,Bags & Backpacks,Backpacks,50,added_to_cart,2024-09-20 13:21:40
67601ff3b682385a7b8c2c52,663207d433f7e8cb27162c2f,Shaker Steel 750 ml - GymBeam,Fitness accessories,Shakers,6,purchased,2024-10-03 03:08:18
67601e89b682385a7b8c2c07,6632086d33f7e8cb27162c3b,Compression Tshirt Hg Armour Comp White Under Armour,Accessory depending on the activity,Running,5,added_to_cart,2024-11-10 08:55:46
67601fc3b682385a7b8c2c25,6632076933f7e8cb27162c28,Black Shaker 700ml - GymBeam,Fitness accessories,Shakers,4,added_to_cart,2024-12-08 10:42:28
66bcb2a87ace238e8cdd5f40,6632083d33f7e8cb27162c37,Explorer Backpack Black,Bags & Backpacks,Backpacks,50,added_to_cart,2024-11-19 15:21:48
67601e67b682385a7b8c2be9,6632083d33f7e8cb27162c37,Explorer Backpack Black,Bags & Backpacks,Backpacks,50,purchased,2024-10-16 02:10:38
67601fe2b682385a7b8c2c43,6630bd3db1cb58b5e3f01a2e,Jump rope,Work home,Jump ropes,5,added_to_favorite,2024-12-07 19:08:17
67601fd3b682385a7b8c2c34,6632083d33f7e8cb27162c37,Explorer Backpack Black,Bags & Backpacks,Backpacks,50,added_to_cart,2024-11-01 02:28:48
67601fe2b682385a7b8c2c43,663208a333f7e8cb27162c3f,Women Limitless High Waist Leggings Black,Clothes for women,Sport pants,25,added_to_favorite,2024-10-06 06:14:41
67601ff3b682385a7b8c2c52,6632086d33f7e8cb27162c3b,Compression Tshirt Hg Armour Comp White Under Armour,Accessory depending on the activity,Running,5,purchased,2024-12-12 03:04:09
67601e67b682385a7b8c2be9,6632076933f7e8cb27162c28,Black Shaker 700ml - GymBeam,Fitness accessories,Shakers,4,added_to_favorite,2024-12-01 18:33:14
67601fc3b682385a7b8c2c25,6632080a33f7e8cb27162c33,Black Towel for Fitness,Fitness accessories,Towels,6,purchased,2024-10-13 16:38:52
66a0f2c7a56de48f22d0ca08,6630bd3db1cb58b5e3f01a2e,Jump rope,Work home,Jump ropes,5,purchased,2024-10-16 17:46:33
67601ff3b682385a7b8c2c52,66320a2433f7e8cb27162c59,Hexagonal Dumbbell,Workout home,Dumbbells,34,purchased,2024-11-04 07:02:06
67601e67b682385a7b8c2be9,6632083d33f7e8cb27162c37,Explorer Backpack Black,Bags & Backpacks,Backpacks,50,purchased,2024-11-03 18:41:16
67601e9fb682385a7b8c2c16,6632080a33f7e8cb27162c33,Black Towel for Fitness,Fitness accessories,Towels,6,purchased,2024-11-30 19:42:45
67601fe2b682385a7b8c2c43,6632059f33f7e8cb27162c14,Cropped Tshirt Serenety Beastpink Olivine,Clothes for women,T-Shirt,20,added_to_favorite,2024-10-18 23:53:10
67601e78b682385a7b8c2bf8,663207d433f7e8cb27162c2f,Shaker Steel 750 ml - GymBeam,Fitness accessories,Shakers,6,purchased,2024-10-24 22:28:38
67601e78b682385a7b8c2bf8,6632059f33f7e8cb27162c14,Cropped Tshirt Serenety Beastpink Olivine,Clothes for women,T-Shirt,20,added_to_cart,2024-10-18 15:29:42
67601fd3b682385a7b8c2c34,6632059f33f7e8cb27162c14,Cropped Tshirt Serenety Beastpink Olivine,Clothes for women,T-Shirt,20,added_to_favorite,2024-11-21 04:35:51
67601e67b682385a7b8c2be9,6632083d33f7e8cb27162c37,Explorer Backpack Black,Bags & Backpacks,Backpacks,50,added_to_cart,2024-09-30 00:15:56
67601fe2b682385a7b8c2c43,66320a2433f7e8cb27162c59,Hexagonal Dumbbell,Workout home,Dumbbells,34,added_to_favorite,2024-12-11 04:38:21
66bcb2a87ace238e8cdd5f40,6632083d33f7e8cb27162c37,Explorer Backpack Black,Bags & Backpacks,Backpacks,50,added_to_cart,2024-11-07 19:38:43
67601fd3b682385a7b8c2c34,6632093e33f7e8cb27162c4c,Compression Tshirt Hg Armour Comp White Under Armour,Clothes for men,T-Shirt,25,purchased,2024-10-01 17:59:49
67601fc3b682385a7b8c2c25,663208a333f7e8cb27162c3f,Women Limitless High Waist Leggings Black,Clothes for women,Sport pants,25,added_to_cart,2024-11-02 08:04:58
66bcb2a87ace238e8cdd5f40,676019c9b637cdbfbb2ae41e,Light Black Collar - GymBeam,Accessory depending on the activity,Running,3.98,added_to_cart,2024-12-17 14:44:26
66bcb2a87ace238e8cdd5f40,6760188ab637cdbfbb2ae389,Adjustable bench - GymBeam,Workout home,Home workouts & others,239.80,added_to_cart,2024-12-17 14:46:15
66bcb2a87ace238e8cdd5f40,6760184ab637cdbfbb2ae37c,Flat bench - GymBeam,Workout home,Home workouts & others,198.89,added_to_cart,2024-12-17 14:46:20
66bcb2a87ace238e8cdd5f40,66320a2433f7e8cb27162c59,Hexagonal Dumbbell,Workout home,Dumbbells,34,added_to_cart,2024-12-17 14:46:27
66bcb2a87ace238e8cdd5f40,663207d433f7e8cb27162c2f,Shaker Steel 750 ml - GymBeam,Fitness accessories,Shakers,6,added_to_favorite,2024-12-17 14:54:44
66bcb2a87ace238e8cdd5f40,663207d433f7e8cb27162c2f,Shaker Steel 750 ml - GymBeam,Fitness accessories,Shakers,6,added_to_cart,2024-12-17 14:55:18
